<?xml version="1.0" encoding="UTF-8"?><MD_Metadata xmlns:gts="http://www.isotc211.org/2005/gts" xmlns:gco="http://www.isotc211.org/2005/gco" xmlns:xalan="http://xml.apache.org/xalan" xmlns:srv="http://www.isotc211.org/2005/srv" xmlns:gmx="http://www.isotc211.org/2005/gmx" xmlns:xlink="http://www.w3.org/1999/xlink" xmlns:xsi="http://www.w3.org/2001/XMLSchema-instance" xmlns:gml="http://www.opengis.net/gml" xmlns="http://www.isotc211.org/2005/gmd">
    <language>
        <LanguageCode codeList="http://www.loc.gov/standards/iso639-2/php/code_list.php" codeListValue="spa" codeSpace="ISO639-2">spa</LanguageCode>
    </language>
    <characterSet>
        <MD_CharacterSetCode codeList="http://www.isotc211.org/2005/resources/Codelist/gmxCodelists.xml#MD_CharacterSetCode" codeListValue="utf8" codeSpace="ISOTC211/19115">utf8</MD_CharacterSetCode>
    </characterSet>
    <hierarchyLevel>
        <MD_ScopeCode codeList="http://www.isotc211.org/2005/resources/Codelist/gmxCodelists.xml#MD_ScopeCode" codeListValue="dataset" codeSpace="ISOTC211/19115">dataset</MD_ScopeCode>
    </hierarchyLevel>
    <hierarchyLevelName>
        <gco:CharacterString>dataset</gco:CharacterString>
    </hierarchyLevelName>
    <contact>
        <CI_ResponsibleParty>
            <individualName>
                <gco:CharacterString>Alcaldía de Medellín</gco:CharacterString>
            </individualName>
            <organisationName>
                <gco:CharacterString>Secretaría de Educación, Subsecretaría de Planeación Educativa</gco:CharacterString>
            </organisationName>
            <contactInfo>
                <CI_Contact>
                    <address>
                        <CI_Address>
                            <city>
                                <gco:CharacterString>Medellín</gco:CharacterString>
                            </city>
                            <country>
                                <Country codeList="http://www.iso.org/iso/country_codes/iso_3166_code_lists.htm" codeListValue="CO" codeSpace="ISO3166-1">CO</Country>
                            </country>
                        </CI_Address>
                    </address>
                </CI_Contact>
            </contactInfo>
            <role>
                <CI_RoleCode codeList="http://www.isotc211.org/2005/resources/Codelist/gmxCodelists.xml#CI_RoleCode" codeListValue="custodian" codeSpace="ISOTC211/19115">custodian</CI_RoleCode>
            </role>
        </CI_ResponsibleParty>
    </contact>
    <dateStamp>
        <gco:Date>2020-11-21</gco:Date>
    </dateStamp>
    <metadataStandardName>
        <gco:CharacterString>ISO 19139 Geographic Information - Metadata - Implementation Specification</gco:CharacterString>
    </metadataStandardName>
    <metadataStandardVersion>
        <gco:CharacterString>2007</gco:CharacterString>
    </metadataStandardVersion>
    <spatialRepresentationInfo>
        <MD_VectorSpatialRepresentation>
            <topologyLevel>
                <MD_TopologyLevelCode codeList="http://www.isotc211.org/2005/resources/Codelist/gmxCodelists.xml#MD_TopologyLevelCode" codeListValue="geometryOnly" codeSpace="ISOTC211/19115">geometryOnly</MD_TopologyLevelCode>
            </topologyLevel>
            <geometricObjects>
                <MD_GeometricObjects>
                    <geometricObjectType>
                        <MD_GeometricObjectTypeCode codeList="http://www.isotc211.org/2005/resources/Codelist/gmxCodelists.xml#MD_GeometricObjectTypeCode" codeListValue="point" codeSpace="ISOTC211/19115">point</MD_GeometricObjectTypeCode>
                    </geometricObjectType>
                    <geometricObjectCount>
                        <gco:Integer>860</gco:Integer>
                    </geometricObjectCount>
                </MD_GeometricObjects>
            </geometricObjects>
        </MD_VectorSpatialRepresentation>
    </spatialRepresentationInfo>
    <referenceSystemInfo>
        <MD_ReferenceSystem>
            <referenceSystemIdentifier>
                <RS_Identifier>
                    <code>
                        <gco:CharacterString>6257</gco:CharacterString>
                    </code>
                    <codeSpace>
                        <gco:CharacterString>EPSG</gco:CharacterString>
                    </codeSpace>
                    <version>
                        <gco:CharacterString>8.2.1(10.2.1)</gco:CharacterString>
                    </version>
                </RS_Identifier>
            </referenceSystemIdentifier>
        </MD_ReferenceSystem>
    </referenceSystemInfo>
    <identificationInfo>
        <MD_DataIdentification>
            <citation>
                <CI_Citation>
                    <title>
                        <gco:CharacterString>Institución Educativa</gco:CharacterString>
                    </title>
                    <date gco:nilReason="missing"/>
                    <presentationForm>
                        <CI_PresentationFormCode codeList="http://www.isotc211.org/2005/resources/Codelist/gmxCodelists.xml#CI_PresentationFormCode" codeListValue="mapDigital" codeSpace="ISOTC211/19115">mapDigital</CI_PresentationFormCode>
                    </presentationForm>
                </CI_Citation>
            </citation>
            <abstract>
                <gco:CharacterString>Se denomina sede educativa a toda instalación física de un establecimiento educativo identificada con dirección diferente.Presenta la localización de las Sedes Educativas oficiales y no oficiales, actualizado de acuerdo a la prestación del Servicio educativo del año 2020.</gco:CharacterString>
            </abstract>
            <purpose>
                <gco:CharacterString>Localización de las Sedes Educativas oficiales y no oficiales del municipio de Medellín.</gco:CharacterString>
            </purpose>
            <credit>
                <gco:CharacterString>Secretaría de Educación, Subsecretaría de Planeación Educativa</gco:CharacterString>
            </credit>
            <descriptiveKeywords>
                <MD_Keywords>
                    <keyword>
                        <gco:CharacterString>Downloadable Data</gco:CharacterString>
                    </keyword>
                    <thesaurusName uuidref="723f6998-058e-11dc-8314-0800200c9a66"/>
                </MD_Keywords>
            </descriptiveKeywords>
            <descriptiveKeywords>
                <MD_Keywords>
                    <keyword>
                        <gco:CharacterString>educacion</gco:CharacterString>
                    </keyword>
                    <keyword>
                        <gco:CharacterString>educacion y cultura</gco:CharacterString>
                    </keyword>
                </MD_Keywords>
            </descriptiveKeywords>
            <descriptiveKeywords>
                <MD_Keywords>
                    <keyword>
                        <gco:CharacterString>educacion</gco:CharacterString>
                    </keyword>
                    <keyword>
                        <gco:CharacterString>educacion y cultura</gco:CharacterString>
                    </keyword>
                </MD_Keywords>
            </descriptiveKeywords>
            <spatialRepresentationType>
                <MD_SpatialRepresentationTypeCode codeList="http://www.isotc211.org/2005/resources/Codelist/gmxCodelists.xml#MD_SpatialRepresentationTypeCode" codeListValue="vector" codeSpace="ISOTC211/19115">vector</MD_SpatialRepresentationTypeCode>
            </spatialRepresentationType>
            <language>
                <LanguageCode codeList="http://www.loc.gov/standards/iso639-2/php/code_list.php" codeListValue="spa" codeSpace="ISO639-2">spa</LanguageCode>
            </language>
            <characterSet>
                <MD_CharacterSetCode codeList="http://www.isotc211.org/2005/resources/Codelist/gmxCodelists.xml#MD_CharacterSetCode" codeListValue="utf8" codeSpace="ISOTC211/19115">utf8</MD_CharacterSetCode>
            </characterSet>
            <topicCategory>
                <MD_TopicCategoryCode>location</MD_TopicCategoryCode>
            </topicCategory>
            <topicCategory>
                <MD_TopicCategoryCode>planningCadastre</MD_TopicCategoryCode>
            </topicCategory>
            <environmentDescription>
                <gco:CharacterString> Version 6.2 (Build 9200) ; Esri ArcGIS 10.6.1.9270</gco:CharacterString>
            </environmentDescription>
            <extent>
                <EX_Extent>
                    <geographicElement>
                        <EX_GeographicBoundingBox>
                            <extentTypeCode>
                                <gco:Boolean>true</gco:Boolean>
                            </extentTypeCode>
                            <westBoundLongitude>
                                <gco:Decimal>-75.712692</gco:Decimal>
                            </westBoundLongitude>
                            <eastBoundLongitude>
                                <gco:Decimal>-75.47993</gco:Decimal>
                            </eastBoundLongitude>
                            <southBoundLatitude>
                                <gco:Decimal>6.170336</gco:Decimal>
                            </southBoundLatitude>
                            <northBoundLatitude>
                                <gco:Decimal>6.365631</gco:Decimal>
                            </northBoundLatitude>
                        </EX_GeographicBoundingBox>
                    </geographicElement>
                </EX_Extent>
            </extent>
        </MD_DataIdentification>
    </identificationInfo>
    <distributionInfo>
        <MD_Distribution>
            <distributionFormat>
                <MD_Format>
                    <name>
                        <gco:CharacterString>Feature Class</gco:CharacterString>
                    </name>
                    <version gco:nilReason="missing"/>
                </MD_Format>
            </distributionFormat>
        </MD_Distribution>
    </distributionInfo>
</MD_Metadata>
